{
    "$schema": "https://schema.management.azure.com/schemas/2015-01-01/deploymentParameters.json#",
    "contentVersion": "1.0.0.0",
    "parameters": {
        "location": {
            "value": "westus"
        },
        "virtualMachineName": {
            "value": "GoldenServer"
        },
        "virtualMachineSize": {
            "value": "Standard_A2_v2"
        },
        "adminUsername": {
            "value": "brian"
        },
        "virtualNetworkName": {
            "value": "be-itproc-vnet"
        },
        "networkInterfaceName": {
            "value": "goldenserver760"
        },
        "networkSecurityGroupName": {
            "value": "GoldenServer-nsg"
        },
        "adminPassword": {
            "value": null
        },
        "storageAccountName": {
            "value": "goldendisks195"
        },
        "storageAccountType": {
            "value": "Standard_LRS"
        },
        "subnetName": {
            "value": "subnetone"
        },
        "publicIpAddressName": {
            "value": "GoldenServer-ip"
        },
        "publicIpAddressType": {
            "value": "Dynamic"
        }
    }
}