{
    "$schema": "https://schema.management.azure.com/schemas/2015-01-01/deploymentParameters.json#",
    "contentVersion": "1.0.0.0",
    "parameters": {
        "location": {
            "value": "westus"
        },
        "virtualMachineName": {
            "value": "be-vmName"
        },
        "virtualMachineSize": {
            "value": "Standard_A1"
        },
        "adminUsername": {
            "value": "localbrian"
        },
        "virtualNetworkName": {
            "value": "be-itproc-vnet"
        },
        "networkInterfaceName": {
            "value": "be-vmname650"
        },
        "networkSecurityGroupName": {
            "value": "be-vmName-nsg"
        },
        "adminPassword": {
            "value": null
        },
        "availabilitySetName": {
            "value": "be-vmName-availset"
        },
        "availabilitySetPlatformFaultDomainCount": {
            "value": "2"
        },
        "availabilitySetPlatformUpdateDomainCount": {
            "value": "5"
        },
        "subnetName": {
            "value": "subnetone"
        },
        "publicIpAddressName": {
            "value": "be-vmName-ip"
        },
        "publicIpAddressType": {
            "value": "Dynamic"
        }
    }
}